slug,code,course,contact_name,contact_email,pro_name
stonewall,GC-STONEWALL,Stonewall Golf Club,Gary Huebner,gh@stonewallgolfclub.com,Mark Kowalski
evergreen,GC-EVERGREEN,Evergreen Country Club,Bryan Dolieslager,bkd@evergreencc.org,Chris
heritage,GC-HERITAGE,Heritage Hunt Golf & Country Club,Phil Rodenberg,gm@heritagehunt.net,John Yancy
bullrun,GC-BULLRUN,Bull Run Golf Club,Mike Tate,mtate@golfbullrun.com,
pleasantvalley,GC-PLEASANTV,Pleasant Valley Golf Club,Chadwick Jones,cjones@pleasantvalleygc.com,Chadwick Jones
westfields,GC-WESTFIELDS,Westfields Golf Club,Jason Paul,jpaul@westfieldsgolf.com,
culpeper,GC-CULPEPER,Country Club of Culpeper,Jenelle Lavarine,JLavarine@countryclubofculpeper.com,
regency,GC-REGENCY,Regency at Dominion Valley,Andrea Chipps,achipps@cmc-management.com,
bristow,GC-BRISTOW,Bristow Manor Golf Club,Gene Orrico,events@bristowmanorgc.com,Kevin
